customer_id,age,gender,annual_income,purchase_frequency,average_order_value,preferred_category,customer_lifetime_value,satisfaction_rating
0,62,male,52154.41,35,186.08,books,2200.24,2
1,65,male,40855.06,6,354.06,electronics,2200.24,2
2,71,female,63987.69,21,186.08,home,2200.24,2
3,18,male,42372.0,32,186.08,home,2200.24,2
4,21,female,60192.5,35,186.08,electronics,2200.24,2
5,77,female,117166.41,24,186.08,home,2200.24,2
6,21,female,176285.9,20,186.08,home,2200.24,2
7,57,male,163097.8,22,186.08,electronics,2200.24,2
8,27,female,25824.12,48,186.08,books,2200.24,2
9,37,male,145740.33,7,354.06,home,2200.24,2
10,39,male,28422.52,5,354.06,clothing,2200.24,2
11,68,male,199644.59,10,186.08,home,2200.24,2
12,54,male,161140.58,25,186.08,books,2200.24,2
13,41,male,61648.72,48,186.08,electronics,2200.24,2
14,24,female,108219.85,33,186.08,electronics,2200.24,2
15,42,male,153938.22,11,186.08,electronics,2200.24,2
16,42,male,171165.17,27,186.08,clothing,2200.24,2
17,30,male,61194.33,28,186.08,home,2200.24,2
18,76,female,44110.8,17,186.08,electronics,2200.24,2
19,19,female,187593.79,35,186.08,books,2200.24,2
20,56,male,140737.1,23,186.08,electronics,2200.24,2
21,57,female,177731.28,29,186.08,electronics,2200.24,2
22,41,male,61828.97,29,186.08,home,2200.24,2
23,64,female,43165.39,50,186.08,home,2200.24,2
24,42,male,83058.53,15,186.08,home,2200.24,2
25,35,female,65485.99,38,186.08,books,2200.24,2
26,55,female,33095.74,26,186.08,home,2200.24,2
27,43,male,136006.24,6,354.06,home,2200.24,2
28,31,female,65218.15,3,354.06,home,2200.24,2
29,26,male,101040.4,36,186.08,electronics,2200.24,2
30,27,female,71894.1,12,186.08,books,2200.24,2
31,38,male,185814.6,14,186.08,clothing,2200.24,2
32,69,male,101037.65,36,186.08,books,2200.24,2
33,34,female,178374.2,32,186.08,electronics,2200.24,2
34,69,male,27922.95,31,186.08,clothing,2200.24,2
35,23,male,116444.35,6,354.06,books,2200.24,2
36,80,male,101491.49,30,186.08,electronics,2200.24,2
37,33,female,78701.18,28,186.08,electronics,2200.24,2
38,65,male,74034.1,2,354.06,clothing,2200.24,2
39,18,female,68021.87,41,186.08,electronics,2200.24,2
40,36,male,55915.32,27,186.08,clothing,2200.24,2
41,53,male,108673.84,29,186.08,books,2200.24,2
42,42,male,82124.8,40,186.08,clothing,2200.24,2
43,67,female,79508.1,40,186.08,clothing,2200.24,2
44,69,male,31917.29,34,186.08,electronics,2200.24,2
45,47,male,22495.71,42,186.08,home,2200.24,2
46,37,female,184098.22,48,186.08,electronics,2200.24,2
47,37,female,94476.52,46,186.08,electronics,2200.24,2
48,32,female,141868.02,33,186.08,books,2200.24,2
49,57,male,101431.81,5,354.06,clothing,2200.24,2
50,50,female,56114.78,1,354.06,books,2200.24,2
51,19,male,187305.53,12,186.08,books,2200.24,2
52,27,female,42079.16,36,186.08,clothing,2200.24,2
53,75,female,106647.54,5,354.06,books,2200.24,2
54,50,female,36511.06,27,186.08,home,2200.24,2
55,49,female,61269.7,16,186.08,clothing,2200.24,2
56,28,female,143374.69,50,186.08,books,2200.24,2
57,70,male,114754.26,29,186.08,home,2200.24,2
58,41,male,119009.81,43,186.08,electronics,2200.24,2
59,53,female,169802.99,17,186.08,clothing,2200.24,2
60,80,male,30940.07,7,354.06,electronics,2200.24,2
61,29,female,182868.81,32,186.08,books,2200.24,2
62,68,male,137220.96,3,354.06,home,2200.24,2
63,73,male,135363.32,18,186.08,home,2200.24,2
64,46,female,25437.48,2,354.06,home,2200.24,2
65,52,female,183813.07,33,186.08,electronics,2200.24,2
66,18,male,25036.76,34,186.08,home,2200.24,2
67,18,male,53380.63,39,186.08,home,2200.24,2
68,54,male,181264.01,5,354.06,electronics,2200.24,2
69,71,female,42810.98,31,186.08,electronics,2200.24,2
70,23,female,91637.87,5,354.06,home,2200.24,2
71,56,male,156808.86,16,186.08,books,2200.24,2
72,58,male,121330.54,22,186.08,books,2200.24,2
73,70,male,151486.05,39,186.08,clothing,2200.24,2
74,35,male,54712.3,11,186.08,home,2200.24,2
75,33,male,94169.44,17,186.08,clothing,2200.24,2
76,22,male,109709.86,3,354.06,electronics,2200.24,2
77,59,female,63852.23,47,186.08,electronics,2200.24,2
78,60,female,199625.15,47,186.08,electronics,2200.24,2
79,76,female,140800.8,47,186.08,electronics,2200.24,2
80,49,female,179080.3,33,186.08,books,2200.24,2
81,74,female,90734.02,40,186.08,electronics,2200.24,2
82,19,female,186471.17,24,186.08,electronics,2200.24,2
83,19,female,65292.82,2,354.06,books,2200.24,2
84,57,female,48419.1,37,186.08,electronics,2200.24,2
85,59,male,161634.8,26,186.08,clothing,2200.24,2
86,75,male,195142.99,9,354.06,home,2200.24,2
87,53,male,31166.45,48,186.08,home,2200.24,2
88,56,male,38000.48,28,186.08,electronics,2200.24,2
89,73,male,77221.62,1,354.06,electronics,2200.24,2
90,29,male,114671.17,36,186.08,electronics,2200.24,2
91,64,male,146768.83,27,186.08,books,2200.24,2
92,36,female,191999.1,48,186.08,home,2200.24,2
93,45,male,41207.55,43,186.08,clothing,2200.24,2
94,18,female,84136.7,23,186.08,books,2200.24,2
95,32,male,67931.12,32,186.08,books,2200.24,2
96,53,female,165335.33,2,354.06,books,2200.24,2
97,71,male,49440.58,30,186.08,clothing,2200.24,2
98,30,female,177831.12,4,354.06,clothing,2200.24,2
99,75,female,159267.87,4,354.06,home,2200.24,2
100,60,male,179087.35,35,186.08,clothing,2200.24,2
101,38,female,194450.2,37,186.08,electronics,2200.24,2
102,29,female,123219.91,43,186.08,electronics,2200.24,2
103,22,male,102514.24,47,186.08,home,2200.24,2
104,24,female,107305.5,21,186.08,clothing,2200.24,2
105,22,male,181192.33,42,186.08,home,2200.24,2
106,65,male,57563.0,6,354.06,home,2200.24,2
107,70,male,87563.08,25,186.08,clothing,2200.24,2
108,21,female,135403.93,20,186.08,books,2200.24,2
109,30,female,148885.88,38,186.08,clothing,2200.24,2
110,54,male,30146.99,4,354.06,electronics,2200.24,2
111,70,male,196067.67,20,186.08,clothing,2200.24,2
112,58,female,79661.35,24,186.08,books,2200.24,2
113,32,male,57091.44,49,186.08,clothing,2200.24,2
114,33,male,75291.13,31,186.08,electronics,2200.24,2
115,38,female,197259.05,31,186.08,electronics,2200.24,2
116,53,male,140343.89,26,186.08,books,2200.24,2
117,76,female,64150.03,8,354.06,books,2200.24,2
118,41,female,56197.28,43,186.08,electronics,2200.24,2
119,33,male,33481.13,13,186.08,electronics,2200.24,2
120,31,male,85378.52,5,354.06,clothing,2200.24,2
121,71,female,168275.57,49,186.08,home,2200.24,2
122,39,female,69576.55,28,186.08,home,2200.24,2
123,66,female,86328.37,13,186.08,books,2200.24,2
124,67,male,157058.6,48,186.08,books,2200.24,2
125,23,male,145270.43,11,186.08,home,2200.24,2
126,59,female,94238.04,44,186.08,electronics,2200.24,2
127,53,male,49577.48,47,186.08,books,2200.24,2
128,18,male,180879.1,11,186.08,clothing,2200.24,2
129,49,female,123511.11,44,186.08,home,2200.24,2
130,23,female,66218.21,7,354.06,clothing,2200.24,2
131,48,male,62622.21,8,354.06,clothing,2200.24,2
132,18,male,100709.42,1,354.06,electronics,2200.24,2
133,67,male,92566.49,35,186.08,books,2200.24,2
134,68,male,32398.48,33,186.08,books,2200.24,2
135,54,female,189765.64,24,186.08,books,2200.24,2
136,52,female,161651.75,1,354.06,electronics,2200.24,2
137,66,female,109378.66,8,354.06,clothing,2200.24,2
138,47,female,78842.49,31,186.08,clothing,2200.24,2
139,21,male,52665.74,19,186.08,clothing,2200.24,2
140,52,male,49932.12,33,186.08,clothing,2200.24,2
141,60,female,63288.27,3,354.06,books,2200.24,2
142,31,male,59695.09,39,186.08,books,2200.24,2
143,66,male,147746.1,13,186.08,clothing,2200.24,2
144,57,female,158534.08,1,354.06,clothing,2200.24,2
145,39,male,85426.72,9,354.06,electronics,2200.24,2
146,27,male,48690.87,4,354.06,books,2200.24,2
147,18,male,136052.18,14,186.08,books,2200.24,2
148,28,female,79909.58,27,186.08,clothing,2200.24,2
149,68,male,187804.86,4,354.06,books,2200.24,2
150,61,female,161958.97,39,186.08,books,2200.24,2
151,76,female,197796.51,7,354.06,clothing,2200.24,2
152,41,male,179725.35,7,354.06,home,2200.24,2
153,77,female,20956.71,21,186.08,home,2200.24,2
154,20,female,30860.36,3,354.06,home,2200.24,2
155,75,male,181674.61,22,186.08,books,2200.24,2
156,52,male,41407.81,48,186.08,electronics,2200.24,2
157,80,male,127205.06,47,186.08,books,2200.24,2
158,53,male,83867.8,19,186.08,clothing,2200.24,2
159,48,male,26078.88,17,186.08,electronics,2200.24,2
160,77,female,34917.71,44,186.08,clothing,2200.24,2
161,21,female,157849.85,34,186.08,electronics,2200.24,2
162,36,female,171632.33,43,186.08,electronics,2200.24,2
163,64,male,85380.31,6,354.06,electronics,2200.24,2
164,53,female,64419.03,30,186.08,electronics,2200.24,2
165,38,female,108846.31,16,186.08,home,2200.24,2
166,35,male,47410.96,26,186.08,electronics,2200.24,2
167,68,female,131049.29,46,186.08,electronics,2200.24,2
168,45,male,153111.4,25,186.08,clothing,2200.24,2
169,32,male,146713.8,37,186.08,clothing,2200.24,2
170,59,male,187774.33,1,354.06,home,2200.24,2
171,76,male,128308.44,14,186.08,electronics,2200.24,2
172,19,female,127135.54,13,186.08,clothing,2200.24,2
173,54,female,152657.34,7,354.06,electronics,2200.24,2
174,28,female,150641.07,50,186.08,electronics,2200.24,2
175,40,female,70250.91,50,186.08,books,2200.24,2
176,61,female,163505.71,4,354.06,electronics,2200.24,2
177,58,male,182799.16,33,186.08,clothing,2200.24,2
178,29,female,160293.57,50,186.08,books,2200.24,2
179,20,male,172888.93,36,186.08,books,2200.24,2
180,69,female,172769.88,14,186.08,clothing,2200.24,2
181,34,female,64571.2,12,186.08,electronics,2200.24,2
182,50,female,168869.19,18,186.08,electronics,2200.24,2
183,72,female,149416.6,5,354.06,electronics,2200.24,2
184,18,female,78205.79,24,186.08,books,2200.24,2
185,56,male,141442.91,48,186.08,clothing,2200.24,2
186,37,male,141174.3,11,186.08,books,2200.24,2
187,64,female,164424.04,39,186.08,books,2200.24,2
188,60,female,20010.9,39,186.08,electronics,2200.24,2
189,69,male,136497.77,49,186.08,home,2200.24,2
190,74,male,141120.05,37,186.08,electronics,2200.24,2
191,78,female,123934.38,30,186.08,home,2200.24,2
192,58,female,159928.01,26,186.08,clothing,2200.24,2
193,31,female,45835.14,36,186.08,books,2200.24,2
194,48,female,74235.61,8,354.06,electronics,2200.24,2
195,42,male,156056.16,1,354.06,clothing,2200.24,2
196,79,male,81725.74,1,354.06,home,2200.24,2
197,20,male,128656.9,9,354.06,books,2200.24,2
198,21,male,131850.67,4,354.06,books,2200.24,2
199,48,male,73750.46,7,354.06,clothing,2200.24,2
200,52,male,102963.69,38,186.08,clothing,2200.24,2
201,61,female,143263.85,8,354.06,clothing,2200.24,2
202,31,female,159258.63,14,186.08,electronics,2200.24,2
203,66,male,136499.24,19,186.08,books,2200.24,2
204,58,male,89433.03,18,186.08,clothing,2200.24,2
205,26,male,25683.43,4,354.06,home,2200.24,2
206,37,male,182181.42,9,354.06,electronics,2200.24,2
207,49,female,21687.53,48,186.08,home,2200.24,2
208,26,female,38430.19,44,186.08,books,2200.24,2
209,44,male,160989.35,4,354.06,books,2200.24,2
210,20,male,30960.6,45,186.08,home,2200.24,2
211,74,female,179443.34,12,186.08,electronics,2200.24,2
212,70,male,181659.97,50,186.08,clothing,2200.24,2
213,21,female,30076.66,11,186.08,clothing,2200.24,2
214,62,female,191172.05,44,186.08,clothing,2200.24,2
215,79,male,112603.24,16,186.08,clothing,2200.24,2
216,32,male,20124.48,28,186.08,clothing,2200.24,2
217,50,female,114205.64,39,186.08,home,2200.24,2
218,22,female,88507.17,36,186.08,home,2200.24,2
219,21,male,197364.77,19,186.08,electronics,2200.24,2
220,63,female,66905.89,36,186.08,books,2200.24,2
221,29,male,100378.41,22,186.08,clothing,2200.24,2
222,78,male,37045.5,29,186.08,books,2200.24,2
223,40,female,177796.71,34,186.08,clothing,2200.24,2
224,31,female,26756.18,26,186.08,clothing,2200.24,2
225,75,male,158823.41,11,186.08,home,2200.24,2
226,63,male,70099.19,2,354.06,electronics,2200.24,2
227,29,female,45043.99,22,186.08,clothing,2200.24,2
228,74,male,146259.34,26,186.08,books,2200.24,2
229,34,male,132409.55,11,186.08,electronics,2200.24,2
230,42,male,26404.72,42,186.08,home,2200.24,2
231,47,female,89870.43,14,186.08,clothing,2200.24,2
232,39,female,120022.23,3,354.06,home,2200.24,2
233,64,female,84159.18,19,186.08,clothing,2200.24,2
234,43,male,133709.33,21,186.08,books,2200.24,2
235,34,female,103264.89,8,354.06,electronics,2200.24,2
236,78,female,136339.25,41,186.08,books,2200.24,2
237,75,male,129716.61,22,186.08,clothing,2200.24,2
238,72,male,56171.1,38,186.08,clothing,2200.24,2
239,71,female,80811.36,47,186.08,home,2200.24,2
240,79,female,74585.51,20,186.08,electronics,2200.24,2
241,37,female,196473.76,27,186.08,books,2200.24,2
242,51,female,63902.68,7,354.06,electronics,2200.24,2
243,58,male,61455.01,1,354.06,clothing,2200.24,2
244,50,female,30344.71,9,354.06,books,2200.24,2
245,54,female,190719.76,22,186.08,home,2200.24,2
246,77,male,105680.57,48,186.08,clothing,2200.24,2
247,77,male,198025.78,38,186.08,home,2200.24,2
248,75,female,154946.26,4,354.06,books,2200.24,2
249,24,female,26164.26,47,186.08,books,2200.24,2
250,39,female,163198.17,41,186.08,clothing,2200.24,2
251,49,female,183572.02,42,186.08,clothing,2200.24,2
252,31,female,152433.22,29,186.08,home,2200.24,2
253,25,male,67867.49,37,186.08,clothing,2200.24,2
254,74,male,46178.41,40,186.08,electronics,2200.24,2
255,42,female,54930.46,2,354.06,electronics,2200.24,2
256,33,male,198719.6,46,186.08,home,2200.24,2
257,59,female,110003.85,6,354.06,home,2200.24,2
258,36,male,199377.36,28,186.08,clothing,2200.24,2
259,58,female,138548.73,32,186.08,clothing,2200.24,2
260,72,female,187477.11,41,186.08,electronics,2200.24,2
261,33,male,135815.44,10,186.08,home,2200.24,2
262,29,female,64383.87,8,354.06,home,2200.24,2
263,56,female,76703.98,36,186.08,electronics,2200.24,2
264,65,female,182536.19,48,186.08,home,2200.24,2
265,47,female,185976.9,6,354.06,clothing,2200.24,2
266,75,female,134811.25,42,186.08,home,2200.24,2
267,19,female,37621.28,29,186.08,home,2200.24,2
268,49,male,66963.99,22,186.08,clothing,2200.24,2
269,72,male,52027.34,12,186.08,clothing,2200.24,2
270,62,female,131609.64,4,354.06,electronics,2200.24,2
271,42,female,47790.13,19,186.08,electronics,2200.24,2
272,79,male,99352.55,36,186.08,electronics,2200.24,2
273,42,male,119439.26,47,186.08,books,2200.24,2
274,21,male,61016.73,42,186.08,books,2200.24,2
275,36,male,60888.19,18,186.08,home,2200.24,2
276,65,female,68050.24,48,186.08,clothing,2200.24,2
277,21,female,181470.35,28,186.08,home,2200.24,2
278,60,male,121632.9,48,186.08,clothing,2200.24,2
279,30,male,42646.01,10,186.08,clothing,2200.24,2
280,56,male,56902.05,20,186.08,home,2200.24,2
281,53,male,188632.04,8,354.06,home,2200.24,2
282,40,female,87159.06,8,354.06,books,2200.24,2
283,80,male,83069.66,38,186.08,home,2200.24,2
284,79,male,104598.87,44,186.08,clothing,2200.24,2
285,23,male,90948.96,45,186.08,clothing,2200.24,2
286,41,female,80890.65,47,186.08,home,2200.24,2
287,61,female,85966.39,47,186.08,clothing,2200.24,2
288,50,female,175962.56,35,186.08,books,2200.24,2
289,29,male,145051.06,34,186.08,clothing,2200.24,2
290,58,female,23198.36,11,186.08,home,2200.24,2
291,38,female,192466.23,6,354.06,clothing,2200.24,2
292,28,male,168242.95,29,186.08,electronics,2200.24,2
293,72,female,185790.73,47,186.08,home,2200.24,2
294,61,male,63325.28,33,186.08,books,2200.24,2
295,55,female,143923.33,20,186.08,electronics,2200.24,2
296,79,female,195817.15,40,186.08,electronics,2200.24,2
297,46,male,42875.68,31,186.08,electronics,2200.24,2
298,65,male,154403.86,32,186.08,books,2200.24,2
299,58,female,63655.63,48,186.08,electronics,2200.24,2
300,20,female,111803.64,48,186.08,electronics,2200.24,2
301,45,male,65445.18,2,354.06,books,2200.24,2
302,37,female,136825.69,33,186.08,electronics,2200.24,2
303,43,male,143766.07,41,186.08,home,2200.24,2
304,41,male,27670.87,50,186.08,home,2200.24,2
305,71,male,118862.71,46,186.08,clothing,2200.24,2
306,69,female,135775.78,47,186.08,home,2200.24,2
307,64,female,122676.21,1,354.06,electronics,2200.24,2
308,38,female,69261.96,38,186.08,home,2200.24,2
309,71,female,59748.37,22,186.08,books,2200.24,2
310,47,female,47644.85,23,186.08,books,2200.24,2
311,21,male,156777.18,28,186.08,books,2200.24,2
312,53,female,162689.31,6,354.06,electronics,2200.24,2
313,57,male,119060.79,46,186.08,books,2200.24,2
314,27,male,115818.61,36,186.08,electronics,2200.24,2
315,27,female,84999.17,46,186.08,home,2200.24,2
316,59,male,33653.02,36,186.08,books,2200.24,2
317,41,female,197125.45,41,186.08,electronics,2200.24,2
318,21,male,176572.65,4,354.06,electronics,2200.24,2
319,64,male,56989.84,29,186.08,electronics,2200.24,2
320,44,male,96473.48,28,186.08,electronics,2200.24,2
321,68,female,137452.58,10,186.08,books,2200.24,2
322,62,female,119476.26,44,186.08,electronics,2200.24,2
323,21,female,65216.02,4,354.06,home,2200.24,2
324,49,female,78329.42,44,186.08,electronics,2200.24,2
325,27,male,161869.63,12,186.08,home,2200.24,2
326,28,female,49241.13,23,186.08,home,2200.24,2
327,45,female,34684.6,43,186.08,home,2200.24,2
328,63,male,112373.25,43,186.08,books,2200.24,2
329,25,male,59839.36,5,354.06,home,2200.24,2
330,57,female,61816.97,30,186.08,home,2200.24,2
331,79,male,114665.0,45,186.08,electronics,2200.24,2
332,39,female,109736.04,3,354.06,home,2200.24,2
333,51,male,187032.51,31,186.08,books,2200.24,2
334,62,female,110620.87,6,354.06,books,2200.24,2
335,52,male,55347.35,48,186.08,books,2200.24,2
336,52,female,24874.08,13,186.08,home,2200.24,2
337,42,male,35152.05,18,186.08,clothing,2200.24,2
338,51,female,95574.38,16,186.08,home,2200.24,2
339,23,female,113081.85,42,186.08,home,2200.24,2
340,58,female,136368.31,25,186.08,clothing,2200.24,2
341,54,female,104817.22,22,186.08,home,2200.24,2
342,18,female,138475.86,41,186.08,electronics,2200.24,2
343,29,female,20129.05,4,354.06,home,2200.24,2
344,52,male,22660.57,47,186.08,clothing,2200.24,2
345,23,female,164492.06,49,186.08,home,2200.24,2
346,80,male,130466.38,32,186.08,electronics,2200.24,2
347,71,female,156032.84,7,354.06,home,2200.24,2
348,80,male,88112.61,34,186.08,books,2200.24,2
349,34,female,128168.06,48,186.08,electronics,2200.24,2
350,80,male,104450.57,12,186.08,books,2200.24,2
351,26,female,150556.92,40,186.08,books,2200.24,2
352,79,male,37578.74,9,354.06,electronics,2200.24,2
353,19,female,41148.49,4,354.06,books,2200.24,2
354,35,male,166380.24,44,186.08,clothing,2200.24,2
355,66,male,38967.05,40,186.08,clothing,2200.24,2
356,53,male,193611.95,42,186.08,electronics,2200.24,2
357,74,female,148275.1,26,186.08,books,2200.24,2
358,45,male,114319.01,46,186.08,home,2200.24,2
359,58,female,179501.24,7,354.06,clothing,2200.24,2
360,70,female,175399.42,8,354.06,clothing,2200.24,2
361,54,female,159576.83,41,186.08,electronics,2200.24,2
362,66,female,163512.72,30,186.08,books,2200.24,2
363,43,male,160668.29,6,354.06,clothing,2200.24,2
364,21,female,122547.09,39,186.08,home,2200.24,2
365,57,male,150833.19,4,354.06,books,2200.24,2
366,78,female,102286.93,8,354.06,clothing,2200.24,2
367,53,male,164398.84,44,186.08,books,2200.24,2
368,68,female,153835.62,24,186.08,home,2200.24,2
369,48,female,175932.48,25,186.08,books,2200.24,2
370,47,male,186948.16,30,186.08,electronics,2200.24,2
371,67,female,22454.79,18,186.08,electronics,2200.24,2
372,51,female,106475.86,44,186.08,books,2200.24,2
373,36,female,185087.35,34,186.08,clothing,2200.24,2
374,35,female,50588.3,49,186.08,clothing,2200.24,2
375,47,female,27060.01,15,186.08,books,2200.24,2
376,38,female,97426.21,43,186.08,books,2200.24,2
377,79,female,97625.6,43,186.08,electronics,2200.24,2
378,20,female,115615.12,17,186.08,clothing,2200.24,2
379,23,male,104716.52,48,186.08,clothing,2200.24,2
380,55,female,145638.89,2,354.06,home,2200.24,2
381,30,male,117528.03,43,186.08,clothing,2200.24,2
382,62,female,117621.28,1,354.06,electronics,2200.24,2
383,71,male,140098.38,16,186.08,books,2200.24,2
384,79,male,114030.22,17,186.08,electronics,2200.24,2
385,20,male,31183.54,9,354.06,electronics,2200.24,2
386,65,female,166026.6,42,186.08,home,2200.24,2
387,45,female,71561.64,21,186.08,books,2200.24,2
388,39,male,182297.08,44,186.08,clothing,2200.24,2
389,57,female,135602.07,26,186.08,books,2200.24,2
390,57,female,157496.37,1,354.06,home,2200.24,2
391,29,male,76251.98,50,186.08,electronics,2200.24,2
392,40,female,48097.69,40,186.08,electronics,2200.24,2
393,48,male,137264.07,3,354.06,electronics,2200.24,2
394,35,male,80674.59,7,354.06,electronics,2200.24,2
395,24,female,97442.39,4,354.06,home,2200.24,2
396,25,male,172880.54,31,186.08,books,2200.24,2
397,36,female,24019.68,14,186.08,electronics,2200.24,2
398,46,female,162975.02,21,186.08,home,2200.24,2
399,61,female,186372.58,12,186.08,clothing,2200.24,2
400,37,female,111125.04,12,186.08,clothing,2200.24,2
401,67,male,45952.23,6,354.06,books,2200.24,2
402,59,female,91322.21,49,186.08,books,2200.24,2
403,47,female,46815.48,17,186.08,clothing,2200.24,2
404,64,female,42094.07,14,186.08,books,2200.24,2
405,39,male,193504.34,9,354.06,home,2200.24,2
406,27,male,74615.83,28,186.08,clothing,2200.24,2
407,43,female,68002.43,7,354.06,clothing,2200.24,2
408,68,female,158796.54,45,186.08,electronics,2200.24,2
409,50,female,115097.6,43,186.08,electronics,2200.24,2
410,45,female,177138.3,5,354.06,books,2200.24,2
411,27,female,199973.69,41,186.08,home,2200.24,2
412,46,male,34451.27,42,186.08,home,2200.24,2
413,61,female,45754.12,16,186.08,clothing,2200.24,2
414,35,male,189758.55,1,354.06,electronics,2200.24,2
415,59,male,58034.28,40,186.08,electronics,2200.24,2
416,76,female,28087.36,38,186.08,clothing,2200.24,2
417,18,male,174865.17,7,354.06,clothing,2200.24,2
418,40,female,33243.31,30,186.08,clothing,2200.24,2
419,34,male,193131.43,48,186.08,books,2200.24,2
420,60,male,156850.24,26,186.08,home,2200.24,2
421,54,female,92796.02,13,186.08,home,2200.24,2
422,48,male,31721.33,1,354.06,books,2200.24,2
423,42,female,148090.61,50,186.08,electronics,2200.24,2
424,70,female,122570.16,29,186.08,electronics,2200.24,2
425,21,female,47249.42,8,354.06,electronics,2200.24,2
426,69,female,132921.39,2,354.06,books,2200.24,2
427,26,female,138314.18,45,186.08,books,2200.24,2
428,74,female,190175.41,49,186.08,home,2200.24,2
429,45,male,102410.33,8,354.06,electronics,2200.24,2
430,47,male,112247.91,41,186.08,electronics,2200.24,2
431,77,female,183536.9,27,186.08,electronics,2200.24,2
432,64,male,64352.42,41,186.08,books,2200.24,2
433,41,male,67402.37,49,186.08,home,2200.24,2
434,50,female,187419.94,47,186.08,home,2200.24,2
435,37,male,87220.8,23,186.08,clothing,2200.24,2
436,26,female,158893.78,15,186.08,electronics,2200.24,2
437,25,female,81171.75,32,186.08,home,2200.24,2
438,41,male,59263.04,22,186.08,electronics,2200.24,2
439,31,female,75587.44,8,354.06,home,2200.24,2
440,76,female,111253.83,37,186.08,clothing,2200.24,2
441,35,female,59920.59,17,186.08,home,2200.24,2
442,74,female,151400.45,7,354.06,books,2200.24,2
443,70,male,33485.86,43,186.08,home,2200.24,2
444,73,female,119596.74,21,186.08,books,2200.24,2
445,18,male,123798.21,39,186.08,electronics,2200.24,2
446,29,female,76820.77,5,354.06,books,2200.24,2
447,46,male,28004.21,17,186.08,electronics,2200.24,2
448,54,male,112215.81,35,186.08,electronics,2200.24,2
449,43,female,31488.57,48,186.08,home,2200.24,2
450,50,male,172651.34,48,186.08,electronics,2200.24,2
451,60,female,190886.58,15,186.08,electronics,2200.24,2
452,32,female,67692.46,48,186.08,books,2200.24,2
453,40,male,38247.33,40,186.08,clothing,2200.24,2
454,46,male,71610.65,16,186.08,books,2200.24,2
455,38,male,55396.33,25,186.08,books,2200.24,2
456,36,male,21602.72,15,186.08,electronics,2200.24,2
457,22,female,180434.25,11,186.08,electronics,2200.24,2
458,40,male,162022.76,5,354.06,books,2200.24,2
459,53,female,74518.07,21,186.08,home,2200.24,2
460,76,male,136068.85,42,186.08,clothing,2200.24,2
461,37,male,194673.85,41,186.08,electronics,2200.24,2
462,25,female,161399.91,12,186.08,electronics,2200.24,2
463,26,male,154815.14,30,186.08,books,2200.24,2
464,79,female,129372.34,4,354.06,home,2200.24,2
465,31,male,86589.33,45,186.08,electronics,2200.24,2
466,23,male,125235.16,27,186.08,electronics,2200.24,2
467,18,female,48310.66,28,186.08,books,2200.24,2
468,26,female,26797.54,3,354.06,electronics,2200.24,2
469,33,female,90695.46,3,354.06,clothing,2200.24,2
470,33,female,47743.37,24,186.08,clothing,2200.24,2
471,71,female,47493.62,46,186.08,clothing,2200.24,2
472,29,female,106369.43,29,186.08,books,2200.24,2
473,22,female,51848.39,19,186.08,books,2200.24,2
474,57,male,55978.23,48,186.08,electronics,2200.24,2
475,46,female,123525.01,2,354.06,home,2200.24,2
476,63,male,102271.31,5,354.06,home,2200.24,2
477,44,male,149261.43,37,186.08,electronics,2200.24,2
478,28,female,103349.01,18,186.08,home,2200.24,2
479,70,male,75315.18,25,186.08,books,2200.24,2
480,64,male,134456.2,26,186.08,home,2200.24,2
481,67,female,106873.0,44,186.08,home,2200.24,2
482,45,male,195964.94,13,186.08,clothing,2200.24,2
483,69,female,64598.12,35,186.08,home,2200.24,2
484,53,male,141510.42,22,186.08,books,2200.24,2
485,59,male,197726.68,10,186.08,clothing,2200.24,2
486,36,female,186678.81,37,186.08,electronics,2200.24,2
487,71,male,65462.07,44,186.08,electronics,2200.24,2
488,52,male,149504.44,42,186.08,home,2200.24,2
489,69,female,89576.92,7,354.06,books,2200.24,2
490,48,female,156708.22,18,186.08,clothing,2200.24,2
491,71,male,42627.31,32,186.08,clothing,2200.24,2
492,76,male,195157.24,48,186.08,electronics,2200.24,2
493,61,female,46909.74,45,186.08,books,2200.24,2
494,73,male,145916.47,7,354.06,clothing,2200.24,2
495,78,female,82192.56,17,186.08,electronics,2200.24,2
496,78,female,53648.7,31,186.08,home,2200.24,2
497,36,male,90353.79,29,186.08,clothing,2200.24,2
498,63,female,194844.76,12,186.08,electronics,2200.24,2
499,41,female,40658.13,33,186.08,books,2200.24,2
500,19,male,25956.87,39,186.08,books,2200.24,2
501,24,female,163301.08,26,186.08,clothing,2200.24,2
502,60,male,167599.23,39,186.08,electronics,2200.24,2
503,71,male,107443.08,30,186.08,home,2200.24,2
504,66,male,192967.77,3,354.06,clothing,2200.24,2
505,48,female,132989.05,20,186.08,clothing,2200.24,2
506,77,male,126379.6,13,186.08,clothing,2200.24,2
507,34,male,169929.81,19,186.08,clothing,2200.24,2
508,44,male,20200.91,1,354.06,electronics,2200.24,2
509,78,male,55405.97,42,186.08,home,2200.24,2
510,53,female,71685.48,23,186.08,home,2200.24,2
511,76,female,100412.62,18,186.08,electronics,2200.24,2
512,67,male,42283.22,43,186.08,home,2200.24,2
513,60,female,174750.42,5,354.06,clothing,2200.24,2
514,27,female,148812.0,5,354.06,home,2200.24,2
515,62,female,158779.4,19,186.08,books,2200.24,2
516,31,male,36401.68,6,354.06,clothing,2200.24,2
517,75,female,110263.2,15,186.08,books,2200.24,2
518,24,female,41550.58,11,186.08,books,2200.24,2
519,56,female,69327.3,30,186.08,clothing,2200.24,2
520,57,female,185698.56,20,186.08,clothing,2200.24,2
521,26,female,159072.99,35,186.08,clothing,2200.24,2
522,31,male,158970.23,4,354.06,books,2200.24,2
523,74,female,155555.53,9,354.06,electronics,2200.24,2
524,25,female,92835.8,27,186.08,home,2200.24,2
525,34,male,35651.96,19,186.08,clothing,2200.24,2
526,74,male,187557.87,5,354.06,books,2200.24,2
527,40,male,144990.9,8,354.06,clothing,2200.24,2
528,74,male,160083.51,43,186.08,books,2200.24,2
529,33,female,162490.62,30,186.08,electronics,2200.24,2
530,43,female,168201.33,36,186.08,home,2200.24,2
531,26,female,88821.52,16,186.08,electronics,2200.24,2
532,53,female,188260.62,47,186.08,clothing,2200.24,2
533,24,female,104525.87,46,186.08,books,2200.24,2
534,35,male,58872.72,4,354.06,clothing,2200.24,2
535,25,female,112632.48,4,354.06,home,2200.24,2
536,38,male,135919.45,7,354.06,electronics,2200.24,2
537,43,male,77495.54,3,354.06,home,2200.24,2
538,20,male,39225.14,38,186.08,clothing,2200.24,2
539,78,female,102235.7,25,186.08,electronics,2200.24,2
540,34,female,107803.87,36,186.08,books,2200.24,2
541,74,male,158853.03,4,354.06,clothing,2200.24,2
542,68,male,33036.11,8,354.06,books,2200.24,2
543,63,male,140677.42,28,186.08,home,2200.24,2
544,41,male,46638.16,3,354.06,clothing,2200.24,2
545,42,male,142600.67,49,186.08,books,2200.24,2
546,22,male,81556.98,8,354.06,electronics,2200.24,2
547,54,female,172115.48,11,186.08,books,2200.24,2
548,62,male,102146.83,46,186.08,books,2200.24,2
549,67,male,62067.53,49,186.08,books,2200.24,2
550,41,male,157254.45,6,354.06,clothing,2200.24,2
551,48,male,196157.81,41,186.08,home,2200.24,2
552,72,male,134055.79,23,186.08,books,2200.24,2
553,43,female,44197.05,44,186.08,clothing,2200.24,2
554,38,male,56787.28,2,354.06,clothing,2200.24,2
555,51,female,88339.06,7,354.06,home,2200.24,2
556,55,male,109384.01,29,186.08,home,2200.24,2
557,75,male,23625.43,6,354.06,books,2200.24,2
558,41,female,106706.75,41,186.08,books,2200.24,2
559,45,male,105479.28,11,186.08,clothing,2200.24,2
560,47,female,98458.94,8,354.06,home,2200.24,2
561,51,female,75558.4,30,186.08,electronics,2200.24,2
562,69,female,192249.49,37,186.08,clothing,2200.24,2
563,71,female,139880.94,19,186.08,books,2200.24,2
564,73,female,161773.11,48,186.08,home,2200.24,2
565,69,female,112807.14,3,354.06,clothing,2200.24,2
566,40,male,85906.42,42,186.08,electronics,2200.24,2
567,72,female,86818.34,30,186.08,electronics,2200.24,2
568,25,male,69209.01,33,186.08,home,2200.24,2
569,59,male,118453.39,50,186.08,clothing,2200.24,2
570,67,female,173744.66,26,186.08,electronics,2200.24,2
571,27,female,27056.41,37,186.08,electronics,2200.24,2
572,72,female,155233.64,20,186.08,clothing,2200.24,2
573,18,male,161077.5,33,186.08,books,2200.24,2
574,37,female,91050.32,28,186.08,electronics,2200.24,2
575,74,female,153882.97,27,186.08,electronics,2200.24,2
576,54,male,90071.67,29,186.08,electronics,2200.24,2
577,35,female,76769.7,46,186.08,electronics,2200.24,2
578,38,male,62386.85,24,186.08,electronics,2200.24,2
579,71,female,164682.5,19,186.08,home,2200.24,2
580,66,male,25234.55,6,354.06,books,2200.24,2
581,21,female,63037.59,2,354.06,electronics,2200.24,2
582,80,male,74244.9,22,186.08,electronics,2200.24,2
583,60,female,129373.54,35,186.08,clothing,2200.24,2
584,19,female,96647.16,2,354.06,clothing,2200.24,2
585,38,male,139351.08,30,186.08,home,2200.24,2
586,54,female,45751.06,46,186.08,home,2200.24,2
587,22,female,81821.68,35,186.08,books,2200.24,2
588,34,male,115275.84,15,186.08,books,2200.24,2
589,66,male,132061.79,43,186.08,electronics,2200.24,2
590,65,female,68528.12,31,186.08,clothing,2200.24,2
591,28,male,67010.62,10,186.08,books,2200.24,2
592,63,female,28349.12,28,186.08,electronics,2200.24,2
593,58,female,168087.89,8,354.06,clothing,2200.24,2
594,48,male,25030.33,13,186.08,home,2200.24,2
595,45,male,84914.25,30,186.08,electronics,2200.24,2
596,61,female,52383.15,37,186.08,electronics,2200.24,2
597,49,male,110318.18,39,186.08,home,2200.24,2
598,38,female,196516.81,29,186.08,clothing,2200.24,2
599,24,male,95777.36,50,186.08,home,2200.24,2
600,27,female,125413.06,22,186.08,electronics,2200.24,2
601,78,female,126410.77,24,186.08,books,2200.24,2
602,45,female,30259.79,38,186.08,clothing,2200.24,2
603,65,female,149804.78,21,186.08,electronics,2200.24,2
604,53,female,159755.79,14,186.08,home,2200.24,2
605,37,female,152077.28,46,186.08,clothing,2200.24,2
606,30,female,46413.71,41,186.08,electronics,2200.24,2
607,36,male,101698.44,42,186.08,clothing,2200.24,2
608,67,male,91488.74,2,354.06,books,2200.24,2
609,28,male,89436.74,9,354.06,books,2200.24,2
610,52,female,32292.7,40,186.08,books,2200.24,2
611,51,male,162254.85,45,186.08,clothing,2200.24,2
612,61,male,20887.24,10,186.08,books,2200.24,2
613,21,male,49387.46,50,186.08,clothing,2200.24,2
614,30,male,145428.92,18,186.08,clothing,2200.24,2
615,54,female,60937.65,50,186.08,home,2200.24,2
616,76,female,172463.12,26,186.08,electronics,2200.24,2
617,19,male,128292.62,24,186.08,books,2200.24,2
618,67,female,155586.92,41,186.08,electronics,2200.24,2
619,18,female,60645.59,11,186.08,electronics,2200.24,2
620,57,female,155248.58,27,186.08,home,2200.24,2
621,42,female,170489.56,14,186.08,books,2200.24,2
622,76,female,117563.12,32,186.08,electronics,2200.24,2
623,54,male,24932.13,22,186.08,clothing,2200.24,2
624,53,female,79395.12,34,186.08,electronics,2200.24,2
625,23,male,126405.64,46,186.08,clothing,2200.24,2
626,24,female,188856.81,2,354.06,clothing,2200.24,2
627,21,male,59150.75,33,186.08,clothing,2200.24,2
628,52,male,27868.82,44,186.08,home,2200.24,2
629,75,female,127277.43,7,354.06,books,2200.24,2
630,58,male,117381.62,35,186.08,electronics,2200.24,2
631,78,female,93168.82,31,186.08,home,2200.24,2
632,51,male,191641.38,47,186.08,books,2200.24,2
633,46,male,35171.87,27,186.08,clothing,2200.24,2
634,22,female,191198.41,39,186.08,books,2200.24,2
635,44,male,26298.08,37,186.08,electronics,2200.24,2
636,50,female,117009.99,18,186.08,home,2200.24,2
637,74,male,190214.49,49,186.08,home,2200.24,2
638,63,female,103115.71,13,186.08,clothing,2200.24,2
639,69,male,39844.56,48,186.08,clothing,2200.24,2
640,27,male,194363.85,40,186.08,clothing,2200.24,2
641,71,female,101286.07,49,186.08,electronics,2200.24,2
642,23,female,166809.98,49,186.08,books,2200.24,2
643,51,male,142684.06,26,186.08,home,2200.24,2
644,25,female,93041.99,1,354.06,clothing,2200.24,2
645,79,male,196833.49,39,186.08,home,2200.24,2
646,48,male,138285.4,31,186.08,clothing,2200.24,2
647,26,male,156344.75,42,186.08,books,2200.24,2
648,72,female,23900.41,48,186.08,home,2200.24,2
649,38,female,129651.01,37,186.08,books,2200.24,2
650,25,female,190134.19,39,186.08,clothing,2200.24,2
651,21,male,63562.38,29,186.08,home,2200.24,2
652,39,male,65053.62,43,186.08,electronics,2200.24,2
653,45,male,173035.13,24,186.08,electronics,2200.24,2
654,62,female,190157.58,16,186.08,electronics,2200.24,2
655,21,male,86833.06,39,186.08,books,2200.24,2
656,56,female,141635.94,39,186.08,books,2200.24,2
657,38,female,184816.46,23,186.08,clothing,2200.24,2
658,25,female,37122.22,49,186.08,clothing,2200.24,2
659,37,female,107289.56,8,354.06,home,2200.24,2
660,49,female,160541.93,38,186.08,home,2200.24,2
661,18,male,136729.44,3,354.06,books,2200.24,2
662,23,male,42772.18,14,186.08,electronics,2200.24,2
663,45,male,174804.78,21,186.08,clothing,2200.24,2
664,61,male,131253.16,47,186.08,clothing,2200.24,2
665,48,female,191118.82,30,186.08,books,2200.24,2
666,27,female,128324.46,33,186.08,books,2200.24,2
667,37,female,166625.32,20,186.08,clothing,2200.24,2
668,25,male,197729.0,45,186.08,books,2200.24,2
669,39,male,161741.29,45,186.08,clothing,2200.24,2
670,55,female,108448.41,23,186.08,electronics,2200.24,2
671,46,male,125925.05,23,186.08,clothing,2200.24,2
672,26,male,123184.41,45,186.08,clothing,2200.24,2
673,61,male,28902.2,38,186.08,electronics,2200.24,2
674,64,female,89352.48,35,186.08,electronics,2200.24,2
675,18,male,96009.71,39,186.08,home,2200.24,2
676,58,female,43333.69,22,186.08,electronics,2200.24,2
677,69,male,27435.14,29,186.08,books,2200.24,2
678,56,female,20854.55,49,186.08,home,2200.24,2
679,43,male,84224.91,35,186.08,electronics,2200.24,2
680,28,male,63655.76,2,354.06,electronics,2200.24,2
681,69,female,119969.39,46,186.08,clothing,2200.24,2
682,52,female,186308.24,47,186.08,clothing,2200.24,2
683,77,female,27028.51,18,186.08,books,2200.24,2
684,41,male,98347.91,35,186.08,electronics,2200.24,2
685,50,female,140176.23,44,186.08,clothing,2200.24,2
686,37,male,35157.35,14,186.08,books,2200.24,2
687,44,female,130154.56,18,186.08,home,2200.24,2
688,32,male,86437.81,32,186.08,electronics,2200.24,2
689,50,male,157748.66,22,186.08,home,2200.24,2
690,69,male,64570.72,35,186.08,electronics,2200.24,2
691,24,female,42229.14,46,186.08,electronics,2200.24,2
692,51,male,39267.67,2,354.06,electronics,2200.24,2
693,62,female,109057.65,6,354.06,electronics,2200.24,2
694,77,male,121171.76,48,186.08,electronics,2200.24,2
695,75,male,59381.0,39,186.08,books,2200.24,2
696,68,male,119143.87,32,186.08,clothing,2200.24,2
697,63,male,149213.48,29,186.08,home,2200.24,2
698,59,female,64964.53,39,186.08,electronics,2200.24,2
699,22,male,21829.69,49,186.08,clothing,2200.24,2
700,75,male,169591.98,5,354.06,electronics,2200.24,2
701,47,female,171862.07,38,186.08,electronics,2200.24,2
702,45,male,87982.51,8,354.06,home,2200.24,2
703,35,female,188883.88,4,354.06,electronics,2200.24,2
704,53,female,168823.39,22,186.08,books,2200.24,2
705,20,male,77127.27,22,186.08,home,2200.24,2
706,38,male,127674.65,27,186.08,books,2200.24,2
707,63,female,92741.88,3,354.06,electronics,2200.24,2
708,75,female,41036.09,29,186.08,clothing,2200.24,2
709,33,female,94246.67,48,186.08,books,2200.24,2
710,73,female,171858.5,33,186.08,electronics,2200.24,2
711,54,female,114159.59,38,186.08,books,2200.24,2
712,59,female,129512.29,34,186.08,clothing,2200.24,2
713,80,female,84777.32,36,186.08,clothing,2200.24,2
714,22,female,51644.54,33,186.08,clothing,2200.24,2
715,67,male,122607.03,40,186.08,clothing,2200.24,2
716,68,female,119320.0,18,186.08,electronics,2200.24,2
717,31,male,192103.34,10,186.08,electronics,2200.24,2
718,48,male,21684.54,36,186.08,clothing,2200.24,2
719,63,female,181667.87,45,186.08,books,2200.24,2
720,41,female,186652.47,23,186.08,clothing,2200.24,2
721,52,male,63312.29,6,354.06,home,2200.24,2
722,53,male,28221.87,23,186.08,electronics,2200.24,2
723,27,female,172794.76,10,186.08,home,2200.24,2
724,44,female,50415.69,2,354.06,books,2200.24,2
725,73,female,91439.15,44,186.08,clothing,2200.24,2
726,44,female,101575.68,6,354.06,home,2200.24,2
727,72,male,78499.81,43,186.08,home,2200.24,2
728,40,male,96774.96,5,354.06,clothing,2200.24,2
729,30,male,76024.42,8,354.06,home,2200.24,2
730,33,male,114540.2,20,186.08,home,2200.24,2
731,52,male,27203.07,39,186.08,electronics,2200.24,2
732,44,male,126374.44,14,186.08,clothing,2200.24,2
733,69,male,47519.66,12,186.08,electronics,2200.24,2
734,56,female,195752.47,24,186.08,electronics,2200.24,2
735,64,female,136209.56,39,186.08,clothing,2200.24,2
736,34,female,21425.51,12,186.08,home,2200.24,2
737,79,female,27032.46,41,186.08,clothing,2200.24,2
738,78,male,68551.61,32,186.08,clothing,2200.24,2
739,65,male,157508.55,4,354.06,clothing,2200.24,2
740,76,female,36607.58,3,354.06,clothing,2200.24,2
741,58,male,139172.13,8,354.06,home,2200.24,2
742,18,male,119283.61,3,354.06,electronics,2200.24,2
743,28,male,98575.83,26,186.08,home,2200.24,2
744,29,male,51920.69,47,186.08,books,2200.24,2
745,31,female,25889.49,6,354.06,electronics,2200.24,2
746,25,female,112226.57,17,186.08,clothing,2200.24,2
747,48,female,112629.68,9,354.06,home,2200.24,2
748,24,female,22682.0,18,186.08,clothing,2200.24,2
749,63,male,135663.62,29,186.08,clothing,2200.24,2
750,71,female,85046.82,15,186.08,clothing,2200.24,2
751,48,male,106635.32,7,354.06,home,2200.24,2
752,33,female,102635.57,14,186.08,books,2200.24,2
753,59,male,145566.27,29,186.08,clothing,2200.24,2
754,56,female,111124.14,4,354.06,electronics,2200.24,2
755,71,male,86609.37,45,186.08,books,2200.24,2
756,61,male,55369.43,39,186.08,clothing,2200.24,2
757,36,male,25378.61,48,186.08,home,2200.24,2
758,25,male,60712.59,5,354.06,books,2200.24,2
759,46,male,131925.79,1,354.06,home,2200.24,2
760,19,male,66465.33,12,186.08,clothing,2200.24,2
761,59,male,142165.04,39,186.08,electronics,2200.24,2
762,20,male,188766.31,7,354.06,clothing,2200.24,2
763,68,male,66182.15,21,186.08,home,2200.24,2
764,46,female,159289.9,7,354.06,clothing,2200.24,2
765,32,female,138108.52,17,186.08,clothing,2200.24,2
766,55,female,91925.36,1,354.06,books,2200.24,2
767,45,female,147138.96,4,354.06,home,2200.24,2
768,72,female,70341.23,6,354.06,books,2200.24,2
769,54,male,73888.21,48,186.08,home,2200.24,2
770,49,female,92088.56,40,186.08,home,2200.24,2
771,47,female,96266.23,17,186.08,home,2200.24,2
772,68,male,119411.73,26,186.08,books,2200.24,2
773,78,female,89008.65,31,186.08,books,2200.24,2
774,64,female,173987.08,28,186.08,books,2200.24,2
775,47,male,133928.99,12,186.08,electronics,2200.24,2
776,68,female,184503.63,41,186.08,clothing,2200.24,2
777,51,female,85929.49,1,354.06,home,2200.24,2
778,30,male,197240.31,34,186.08,home,2200.24,2
779,50,male,148035.7,26,186.08,clothing,2200.24,2
780,59,male,158283.78,15,186.08,electronics,2200.24,2
781,34,male,124054.51,49,186.08,home,2200.24,2
782,20,female,178254.66,35,186.08,home,2200.24,2
783,26,female,37625.99,41,186.08,books,2200.24,2
784,69,female,160368.11,44,186.08,electronics,2200.24,2
785,79,male,137376.52,39,186.08,books,2200.24,2
786,28,female,171378.47,20,186.08,electronics,2200.24,2
787,66,male,178257.32,43,186.08,home,2200.24,2
788,44,female,103678.11,35,186.08,books,2200.24,2
789,45,male,193233.44,39,186.08,home,2200.24,2
790,74,female,166515.49,22,186.08,home,2200.24,2
791,74,female,176435.71,21,186.08,books,2200.24,2
792,19,male,22317.91,27,186.08,clothing,2200.24,2
793,18,male,190552.59,36,186.08,home,2200.24,2
794,23,male,65836.75,28,186.08,electronics,2200.24,2
795,42,female,133442.63,4,354.06,electronics,2200.24,2
796,52,female,102187.84,26,186.08,electronics,2200.24,2
797,33,male,130122.48,8,354.06,home,2200.24,2
798,21,male,124583.34,5,354.06,home,2200.24,2
799,78,male,158832.01,5,354.06,books,2200.24,2
800,64,male,119278.73,10,186.08,electronics,2200.24,2
801,55,female,120788.71,5,354.06,clothing,2200.24,2
802,61,male,126519.34,34,186.08,books,2200.24,2
803,37,male,59314.41,50,186.08,home,2200.24,2
804,42,female,143028.1,11,186.08,books,2200.24,2
805,24,female,196950.76,24,186.08,electronics,2200.24,2
806,38,male,186701.28,49,186.08,clothing,2200.24,2
807,24,female,62293.5,33,186.08,electronics,2200.24,2
808,46,male,195975.37,14,186.08,home,2200.24,2
809,69,female,169426.67,22,186.08,clothing,2200.24,2
810,24,female,193997.3,29,186.08,clothing,2200.24,2
811,20,male,195446.54,24,186.08,home,2200.24,2
812,46,female,103831.68,49,186.08,books,2200.24,2
813,46,male,132801.58,6,354.06,home,2200.24,2
814,56,male,67932.15,3,354.06,home,2200.24,2
815,55,female,57555.11,1,354.06,books,2200.24,2
816,77,female,100713.23,10,186.08,clothing,2200.24,2
817,23,male,65111.86,8,354.06,electronics,2200.24,2
818,63,female,173469.68,30,186.08,electronics,2200.24,2
819,27,female,30523.5,22,186.08,electronics,2200.24,2
820,54,female,72047.61,17,186.08,home,2200.24,2
821,72,male,51977.31,15,186.08,home,2200.24,2
822,31,female,37744.02,20,186.08,electronics,2200.24,2
823,39,female,111763.75,38,186.08,home,2200.24,2
824,77,male,173863.87,27,186.08,books,2200.24,2
825,49,female,98428.28,13,186.08,home,2200.24,2
826,35,male,67754.51,16,186.08,electronics,2200.24,2
827,53,male,178788.2,20,186.08,electronics,2200.24,2
828,63,male,185802.81,19,186.08,home,2200.24,2
829,69,male,111043.75,43,186.08,clothing,2200.24,2
830,76,female,138462.53,3,354.06,home,2200.24,2
831,26,male,31069.76,17,186.08,clothing,2200.24,2
832,80,male,81452.95,12,186.08,books,2200.24,2
833,43,male,90133.36,36,186.08,books,2200.24,2
834,39,female,110985.14,10,186.08,clothing,2200.24,2
835,63,male,172756.71,10,186.08,clothing,2200.24,2
836,55,male,165721.95,31,186.08,clothing,2200.24,2
837,40,male,21759.95,23,186.08,clothing,2200.24,2
838,34,male,47966.81,43,186.08,books,2200.24,2
839,43,male,87888.98,21,186.08,books,2200.24,2
840,64,male,112163.14,42,186.08,home,2200.24,2
841,73,male,129258.05,20,186.08,electronics,2200.24,2
842,55,male,45991.61,5,354.06,clothing,2200.24,2
843,19,male,145332.35,47,186.08,clothing,2200.24,2
844,23,male,180340.26,16,186.08,clothing,2200.24,2
845,24,male,60269.2,34,186.08,home,2200.24,2
846,30,male,117179.39,1,354.06,electronics,2200.24,2
847,44,female,198157.68,48,186.08,clothing,2200.24,2
848,28,female,135943.16,16,186.08,clothing,2200.24,2
849,77,male,36785.72,14,186.08,home,2200.24,2
850,72,female,159203.9,10,186.08,clothing,2200.24,2
851,32,female,111417.26,50,186.08,electronics,2200.24,2
852,80,female,40162.65,43,186.08,electronics,2200.24,2
853,26,male,112727.53,11,186.08,clothing,2200.24,2
854,25,female,155943.14,50,186.08,home,2200.24,2
855,63,female,41085.54,40,186.08,electronics,2200.24,2
856,23,male,84126.07,35,186.08,home,2200.24,2
857,65,female,34831.34,40,186.08,electronics,2200.24,2
858,77,female,47269.47,49,186.08,books,2200.24,2
859,60,female,29449.49,45,186.08,electronics,2200.24,2
860,21,female,60705.76,45,186.08,clothing,2200.24,2
861,28,male,101761.82,43,186.08,electronics,2200.24,2
862,68,female,162455.77,2,354.06,clothing,2200.24,2
863,75,male,143534.16,9,354.06,electronics,2200.24,2
864,45,female,125756.92,1,354.06,electronics,2200.24,2
865,43,female,197586.88,12,186.08,electronics,2200.24,2
866,21,female,103465.04,27,186.08,clothing,2200.24,2
867,79,female,184726.06,31,186.08,books,2200.24,2
868,32,female,80595.22,44,186.08,electronics,2200.24,2
869,36,male,96766.62,43,186.08,books,2200.24,2
870,23,male,91508.25,20,186.08,electronics,2200.24,2
871,76,male,127427.51,22,186.08,home,2200.24,2
872,22,female,187770.21,48,186.08,home,2200.24,2
873,35,male,158199.97,2,354.06,electronics,2200.24,2
874,23,female,170110.21,19,186.08,clothing,2200.24,2
875,48,male,162578.95,29,186.08,home,2200.24,2
876,42,male,191342.07,12,186.08,clothing,2200.24,2
877,21,male,40558.24,50,186.08,electronics,2200.24,2
878,23,female,166591.54,40,186.08,home,2200.24,2
879,58,male,141009.11,10,186.08,books,2200.24,2
880,54,female,25892.82,25,186.08,clothing,2200.24,2
881,76,male,91792.55,5,354.06,clothing,2200.24,2
882,67,female,77321.09,27,186.08,home,2200.24,2
883,73,female,38574.76,44,186.08,electronics,2200.24,2
884,42,female,75773.45,22,186.08,electronics,2200.24,2
885,51,female,40230.4,15,186.08,books,2200.24,2
886,36,female,20694.8,30,186.08,home,2200.24,2
887,51,female,179767.93,2,354.06,clothing,2200.24,2
888,32,female,48231.74,15,186.08,home,2200.24,2
889,67,female,107810.93,1,354.06,books,2200.24,2
890,25,female,29973.38,16,186.08,home,2200.24,2
891,71,female,166142.54,34,186.08,home,2200.24,2
892,61,male,156093.26,33,186.08,books,2200.24,2
893,64,female,167556.26,38,186.08,electronics,2200.24,2
894,66,male,148670.32,6,354.06,electronics,2200.24,2
895,70,male,173072.93,31,186.08,clothing,2200.24,2
896,51,female,73518.52,42,186.08,home,2200.24,2
897,35,male,69074.38,48,186.08,books,2200.24,2
898,47,female,27587.18,10,186.08,books,2200.24,2
899,30,female,194866.41,8,354.06,home,2200.24,2
900,72,male,75084.11,31,186.08,home,2200.24,2
901,64,female,60936.3,22,186.08,books,2200.24,2
902,72,male,32285.58,31,186.08,books,2200.24,2
903,50,male,97368.22,42,186.08,home,2200.24,2
904,52,male,165549.46,9,354.06,electronics,2200.24,2
905,69,male,77526.67,2,354.06,electronics,2200.24,2
906,41,female,160466.6,46,186.08,clothing,2200.24,2
907,78,female,159299.92,22,186.08,clothing,2200.24,2
908,43,female,188573.09,9,354.06,books,2200.24,2
909,64,male,66226.35,46,186.08,home,2200.24,2
910,68,female,125308.26,50,186.08,clothing,2200.24,2
911,61,male,187299.63,1,354.06,home,2200.24,2
912,70,male,62272.21,28,186.08,electronics,2200.24,2
913,59,male,44269.76,49,186.08,electronics,2200.24,2
914,64,male,88480.94,26,186.08,electronics,2200.24,2
915,18,male,183873.72,30,186.08,clothing,2200.24,2
916,30,male,154916.63,8,354.06,home,2200.24,2
917,72,female,26745.98,27,186.08,clothing,2200.24,2
918,27,female,159187.17,32,186.08,books,2200.24,2
919,36,female,101329.64,15,186.08,home,2200.24,2
920,22,male,139937.67,20,186.08,books,2200.24,2
921,25,male,147886.97,9,354.06,clothing,2200.24,2
922,21,female,119537.18,40,186.08,electronics,2200.24,2
923,66,female,145402.09,30,186.08,clothing,2200.24,2
924,30,female,134356.5,24,186.08,electronics,2200.24,2
925,55,male,142640.42,14,186.08,home,2200.24,2
926,70,female,38702.26,41,186.08,electronics,2200.24,2
927,63,female,156338.76,2,354.06,clothing,2200.24,2
928,66,male,108372.08,26,186.08,home,2200.24,2
929,63,male,53980.74,25,186.08,clothing,2200.24,2
930,36,female,76078.68,31,186.08,books,2200.24,2
931,69,female,131696.04,42,186.08,clothing,2200.24,2
932,67,male,193503.43,17,186.08,clothing,2200.24,2
933,25,male,53854.58,12,186.08,electronics,2200.24,2
934,44,male,181152.63,40,186.08,home,2200.24,2
935,67,male,136419.58,8,354.06,clothing,2200.24,2
936,64,female,109546.37,39,186.08,books,2200.24,2
937,47,female,86635.14,22,186.08,electronics,2200.24,2
938,21,female,47709.7,25,186.08,clothing,2200.24,2
939,28,female,41716.33,38,186.08,home,2200.24,2
940,38,female,43568.26,44,186.08,electronics,2200.24,2
941,60,male,61063.92,37,186.08,clothing,2200.24,2
942,19,male,173474.12,33,186.08,clothing,2200.24,2
943,73,female,64120.89,10,186.08,electronics,2200.24,2
944,38,male,84167.28,50,186.08,home,2200.24,2
945,34,female,187751.52,41,186.08,books,2200.24,2
946,60,female,106453.19,17,186.08,home,2200.24,2
947,68,female,126575.88,36,186.08,books,2200.24,2
948,46,female,169172.17,4,354.06,home,2200.24,2
949,44,male,45714.09,40,186.08,electronics,2200.24,2
950,41,female,116070.16,38,186.08,books,2200.24,2
951,70,female,37785.05,4,354.06,electronics,2200.24,2
952,66,female,117700.88,41,186.08,clothing,2200.24,2
953,20,male,126988.16,36,186.08,electronics,2200.24,2
954,56,female,118296.09,2,354.06,books,2200.24,2
955,27,male,85571.22,4,354.06,clothing,2200.24,2
956,20,male,172718.93,12,186.08,books,2200.24,2
957,70,female,75734.09,4,354.06,books,2200.24,2
958,62,male,157506.96,47,186.08,electronics,2200.24,2
959,59,male,100726.78,13,186.08,home,2200.24,2
960,43,female,164975.81,33,186.08,home,2200.24,2
961,78,female,162476.75,40,186.08,electronics,2200.24,2
962,71,male,167762.0,1,354.06,electronics,2200.24,2
963,54,female,144356.74,48,186.08,home,2200.24,2
964,44,male,156433.13,24,186.08,home,2200.24,2
965,22,female,160354.67,8,354.06,electronics,2200.24,2
966,59,female,155242.36,2,354.06,home,2200.24,2
967,28,female,90574.39,35,186.08,electronics,2200.24,2
968,30,male,55539.44,14,186.08,electronics,2200.24,2
969,58,male,194623.56,31,186.08,electronics,2200.24,2
970,51,male,66135.83,22,186.08,electronics,2200.24,2
971,55,female,196467.51,18,186.08,electronics,2200.24,2
972,57,male,38393.16,24,186.08,electronics,2200.24,2
973,50,female,168855.4,36,186.08,clothing,2200.24,2
974,76,female,58073.24,34,186.08,electronics,2200.24,2
975,51,male,169570.67,7,354.06,electronics,2200.24,2
976,44,female,32453.26,25,186.08,clothing,2200.24,2
977,53,male,176006.54,35,186.08,home,2200.24,2
978,43,female,95305.42,41,186.08,electronics,2200.24,2
979,68,male,186468.48,39,186.08,electronics,2200.24,2
980,42,female,135610.28,10,186.08,clothing,2200.24,2
981,36,female,112945.37,25,186.08,home,2200.24,2
982,38,male,122103.3,30,186.08,electronics,2200.24,2
983,48,male,116562.01,6,354.06,electronics,2200.24,2
984,46,female,44618.59,49,186.08,books,2200.24,2
985,26,male,140882.3,49,186.08,clothing,2200.24,2
986,36,female,52169.08,26,186.08,home,2200.24,2
987,43,female,170871.59,5,354.06,home,2200.24,2
988,42,female,31323.25,47,186.08,home,2200.24,2
989,57,female,191792.16,39,186.08,books,2200.24,2
990,60,female,46812.56,1,354.06,home,2200.24,2
991,77,male,47985.18,15,186.08,clothing,2200.24,2
992,46,male,32615.98,10,186.08,clothing,2200.24,2
993,42,male,46966.79,37,186.08,electronics,2200.24,2
994,36,female,123318.87,48,186.08,electronics,2200.24,2
995,21,male,84242.71,29,186.08,clothing,2200.24,2
996,62,male,188091.2,16,186.08,home,2200.24,2
997,37,male,85938.89,3,354.06,electronics,2200.24,2
998,63,female,186705.45,37,186.08,electronics,2200.24,2
999,72,male,30542.13,8,354.06,home,2200.24,2
